{
  "parameter": {
    "volume": 0.00000117,
    "number": [
      3000000
    ],
    "angle": 60,
    "i": 1
  },
  "run_information": {
    "Tag": "6.0.2021",
    "Zeit": "12:51",
    "Dauer": "9 Stunden, 6 Minuten, 0.027887000000002445"
  },
  "runs": [
    {
      "n": 3000000,
      "information": [
        {
          "Bubble_number": 3000000,
          "bubblePercentage": 1.0988333333333333,
          "uncertainty": 8.144547569752888e-13,
          "k": 0.6739563630351108
        }
      ],
      "werte": [
        0.6739563630351108
      ],
      "standardabweichung": null,
      "average": 0.6739563630351108
    }
  ],
  "ergebnisse": [
    {
      "average": 0.6739563630351108,
      "standardabweichung": null
    }
  ]
}